CHR	SNP	BP	A1	TEST	NMISS	BETA	STAT	P
23	rs4986503	17369377	C	ADD	359	0.5142	5.034	7.646e-07
12	rs1211610	131122509	G	ADD	358	0.797	5.006	8.773e-07
9	GSA-rs943170	7468664	C	ADD	358	0.7873	4.542	7.653e-06
8	rs2721266	2895605	T	ADD	359	0.3925	4.512	8.731e-06
9	GSA-rs17256298	80489443	A	ADD	357	0.6787	4.324	1.991e-05
23	rs62590108	31179537	T	ADD	359	0.9784	4.23	2.98e-05
8	rs16907232	137456932	G	ADD	345	0.3895	4.198	3.436e-05
11	rs11024797	18802768	C	ADD	359	0.4443	4.193	3.469e-05
21	rs8133171	24522616	C	ADD	355	0.5256	4.163	3.958e-05
5	exm2266124	139378785	G	ADD	346	0.3752	4.158	4.065e-05
12	rs10492348	10695201	C	ADD	359	0.4219	4.155	4.07e-05
2	GSA-rs4849383	115142358	G	ADD	358	0.6609	4.142	4.306e-05
9	GSA-rs10967482	26699113	G	ADD	359	0.4979	4.141	4.323e-05
5	rs11950646	139378785	G	ADD	344	0.3688	4.095	5.276e-05
9	GSA-rs77695840	80504523	T	ADD	359	0.611	4.084	5.468e-05
10	rs10998544	69054046	A	ADD	359	0.3447	4.054	6.184e-05
1	rs6662316	244222912	A	ADD	359	0.5904	4.035	6.692e-05
13	rs1163881	111532499	T	ADD	359	0.67	4.031	6.795e-05
9	GSA-rs7873050	7512186	G	ADD	359	0.6737	4.027	6.898e-05
13	rs9571875	68284298	T	ADD	353	0.5946	4.023	7.036e-05
16	rs9929602	5373157	A	ADD	359	0.5445	4.007	7.482e-05
6	GSA-rs17856167	28363317	A	ADD	358	0.7147	3.999	7.732e-05
7	rs2267705	139996449	C	ADD	359	0.3436	3.983	8.244e-05
2	rs4491738	115132527	C	ADD	359	0.633	3.972	8.623e-05
7	rs727919	19371666	G	ADD	358	0.4191	3.956	9.191e-05
23	rs6521931	51184331	A	ADD	350	0.5393	3.949	9.499e-05
5	rs10063949	139383837	C	ADD	344	0.3523	3.944	9.734e-05
